{
    "head_pose": {
        "roll": -2.637819711226002,
        "pitch": 3.309136677294629,
        "yaw": 2.277218311644066
    },
    "gaze_vector": {
        "x_g": 0.9989449228363226,
        "y_g": 0.04592429792096406
    }
}