{
    "timestamp": "synthetic_no_cheating_93",
    "timings": [
        33.74384689331055,
        10.639927864074707
    ],
    "label": 0,
    "synthetic": true
}