{
    "timestamp": "synthetic_no_cheating_87",
    "timings": [
        19.49197006225586,
        18.147449493408203
    ],
    "label": 0,
    "synthetic": true
}