{
    "timestamp": "synthetic_cheating_33",
    "timings": [
        2355.691162109375,
        1617.234130859375
    ],
    "label": 1,
    "synthetic": true
}