{
    "timestamp": "synthetic_cheating_31",
    "timings": [
        96.05337524414062,
        1145.9639892578125
    ],
    "label": 1,
    "synthetic": true
}