{
    "timestamp": "synthetic_no_cheating_81",
    "timings": [
        95.54776000976562,
        83.38428497314453
    ],
    "label": 0,
    "synthetic": true
}