{
    "timestamp": "synthetic_cheating_77",
    "timings": [
        1183.3599853515625,
        1660.3896484375
    ],
    "label": 1,
    "synthetic": true
}