{
    "timestamp": "synthetic_cheating_46",
    "timings": [
        3609.231689453125,
        199.5208282470703
    ],
    "label": 1,
    "synthetic": true
}