{
    "timestamp": "synthetic_no_cheating_26",
    "timings": [
        22.036577224731445,
        34.720924377441406
    ],
    "label": 0,
    "synthetic": true
}