{
    "timestamp": "synthetic_no_cheating_58",
    "timings": [
        23.747522354125977,
        12.014914512634277
    ],
    "label": 0,
    "synthetic": true
}