{
    "timestamp": "synthetic_cheating_83",
    "timings": [
        929.8189086914062,
        1354.30810546875
    ],
    "label": 1,
    "synthetic": true
}