{
    "timestamp": "synthetic_no_cheating_22",
    "timings": [
        10.744745254516602,
        59.80213165283203
    ],
    "label": 0,
    "synthetic": true
}