{
    "timestamp": "synthetic_no_cheating_19",
    "timings": [
        28.22346305847168,
        14.564962387084961
    ],
    "label": 0,
    "synthetic": true
}