{
    "timestamp": "synthetic_cheating_89",
    "timings": [
        214.0111846923828,
        792.8020629882812
    ],
    "label": 1,
    "synthetic": true
}