{
    "timestamp": "synthetic_no_cheating_88",
    "timings": [
        37.86079406738281,
        15.287781715393066
    ],
    "label": 0,
    "synthetic": true
}