{
    "timestamp": "synthetic_cheating_86",
    "timings": [
        262.7005920410156,
        660.4579467773438
    ],
    "label": 1,
    "synthetic": true
}