{
    "timestamp": "synthetic_cheating_68",
    "timings": [
        1817.3892822265625,
        122.45391845703125
    ],
    "label": 1,
    "synthetic": true
}