{
    "timestamp": "synthetic_cheating_75",
    "timings": [
        914.8919677734375,
        856.9032592773438
    ],
    "label": 1,
    "synthetic": true
}