{
    "timestamp": "synthetic_no_cheating_74",
    "timings": [
        56.451683044433594,
        26.558027267456055
    ],
    "label": 0,
    "synthetic": true
}