{
    "timestamp": "synthetic_no_cheating_85",
    "timings": [
        16.87002944946289,
        79.84028625488281
    ],
    "label": 0,
    "synthetic": true
}