{
    "timestamp": "synthetic_no_cheating_4",
    "timings": [
        15.743043899536133,
        12.788464546203613
    ],
    "label": 0,
    "synthetic": true
}