{
    "timestamp": "synthetic_no_cheating_49",
    "timings": [
        89.3784408569336,
        65.06114196777344
    ],
    "label": 0,
    "synthetic": true
}