{
    "timestamp": "synthetic_no_cheating_76",
    "timings": [
        23.641321182250977,
        35.44237518310547
    ],
    "label": 0,
    "synthetic": true
}