{
    "timestamp": "synthetic_no_cheating_66",
    "timings": [
        12.835323333740234,
        42.2459716796875
    ],
    "label": 0,
    "synthetic": true
}