{
    "timestamp": "synthetic_cheating_96",
    "timings": [
        665.7890625,
        556.690185546875
    ],
    "label": 1,
    "synthetic": true
}