{
    "timestamp": "synthetic_no_cheating_53",
    "timings": [
        10.949165344238281,
        148.4422607421875
    ],
    "label": 0,
    "synthetic": true
}