{
    "timestamp": "synthetic_cheating_23",
    "timings": [
        1058.7191162109375,
        352.6960754394531
    ],
    "label": 1,
    "synthetic": true
}