{
    "timestamp": "synthetic_no_cheating_13",
    "timings": [
        40.12464141845703,
        31.932531356811523
    ],
    "label": 0,
    "synthetic": true
}