{
    "timestamp": "synthetic_no_cheating_29",
    "timings": [
        19.70610237121582,
        25.32942008972168
    ],
    "label": 0,
    "synthetic": true
}