{
    "timestamp": "synthetic_no_cheating_0",
    "timings": [
        25.846860885620117,
        12.424501419067383
    ],
    "label": 0,
    "synthetic": true
}