{
    "timestamp": "synthetic_no_cheating_51",
    "timings": [
        37.953773498535156,
        80.43379974365234
    ],
    "label": 0,
    "synthetic": true
}