{
    "timestamp": "synthetic_no_cheating_16",
    "timings": [
        49.349998474121094,
        18.57560157775879
    ],
    "label": 0,
    "synthetic": true
}