{
    "timestamp": "synthetic_no_cheating_12",
    "timings": [
        3.6027822494506836,
        17.282827377319336
    ],
    "label": 0,
    "synthetic": true
}