{
    "timestamp": "synthetic_no_cheating_41",
    "timings": [
        64.27217102050781,
        31.56770133972168
    ],
    "label": 0,
    "synthetic": true
}