{
    "timestamp": "synthetic_no_cheating_63",
    "timings": [
        19.6171817779541,
        95.25169372558594
    ],
    "label": 0,
    "synthetic": true
}