{
    "timestamp": "synthetic_no_cheating_23",
    "timings": [
        35.08790588378906,
        118.39535522460938
    ],
    "label": 0,
    "synthetic": true
}