{
    "timestamp": "synthetic_cheating_37",
    "timings": [
        371.1700134277344,
        943.0367431640625
    ],
    "label": 1,
    "synthetic": true
}