{
    "timestamp": "synthetic_cheating_57",
    "timings": [
        548.1052856445312,
        783.4411010742188
    ],
    "label": 1,
    "synthetic": true
}