{
    "timestamp": "synthetic_cheating_32",
    "timings": [
        38.001731872558594,
        2991.883544921875
    ],
    "label": 1,
    "synthetic": true
}