{
    "timestamp": "synthetic_no_cheating_48",
    "timings": [
        10.822443008422852,
        2.988191604614258
    ],
    "label": 0,
    "synthetic": true
}