{
    "timestamp": "synthetic_no_cheating_2",
    "timings": [
        31.480314254760742,
        76.13601684570312
    ],
    "label": 0,
    "synthetic": true
}