{
    "timestamp": "synthetic_no_cheating_98",
    "timings": [
        42.6092414855957,
        47.043800354003906
    ],
    "label": 0,
    "synthetic": true
}