{
    "timestamp": "synthetic_no_cheating_71",
    "timings": [
        0.4366426467895508,
        4.144580841064453
    ],
    "label": 0,
    "synthetic": true
}