{
    "timestamp": "synthetic_cheating_2",
    "timings": [
        868.6868286132812,
        166.71817016601562
    ],
    "label": 1,
    "synthetic": true
}