{
    "timestamp": "synthetic_cheating_92",
    "timings": [
        1774.0408935546875,
        1312.7041015625
    ],
    "label": 1,
    "synthetic": true
}