{
    "timestamp": "synthetic_cheating_65",
    "timings": [
        884.9561157226562,
        1567.205810546875
    ],
    "label": 1,
    "synthetic": true
}