{
    "timestamp": "synthetic_cheating_53",
    "timings": [
        1772.826416015625,
        1031.5135498046875
    ],
    "label": 1,
    "synthetic": true
}