{
    "timestamp": "synthetic_no_cheating_44",
    "timings": [
        13.354368209838867,
        72.88199615478516
    ],
    "label": 0,
    "synthetic": true
}