{
    "timestamp": "synthetic_no_cheating_65",
    "timings": [
        33.58740234375,
        23.536916732788086
    ],
    "label": 0,
    "synthetic": true
}