{
    "timestamp": "synthetic_no_cheating_11",
    "timings": [
        1.8360185623168945,
        113.23729705810547
    ],
    "label": 0,
    "synthetic": true
}