{
    "timestamp": "synthetic_cheating_60",
    "timings": [
        120.80235290527344,
        570.7711791992188
    ],
    "label": 1,
    "synthetic": true
}