{
    "timestamp": "synthetic_cheating_87",
    "timings": [
        428.0378112792969,
        993.2756958007812
    ],
    "label": 1,
    "synthetic": true
}