{
    "timestamp": "synthetic_cheating_61",
    "timings": [
        1062.9388427734375,
        632.16943359375
    ],
    "label": 1,
    "synthetic": true
}