{
    "timestamp": "synthetic_no_cheating_54",
    "timings": [
        8.573344230651855,
        6.398708343505859
    ],
    "label": 0,
    "synthetic": true
}