{
    "timestamp": "synthetic_cheating_44",
    "timings": [
        59.9843635559082,
        1491.4366455078125
    ],
    "label": 1,
    "synthetic": true
}