{
    "timestamp": "synthetic_no_cheating_38",
    "timings": [
        30.005556106567383,
        86.18632507324219
    ],
    "label": 0,
    "synthetic": true
}