{
    "timestamp": "synthetic_cheating_54",
    "timings": [
        2147.42626953125,
        2522.56640625
    ],
    "label": 1,
    "synthetic": true
}