{
    "timestamp": "synthetic_cheating_20",
    "timings": [
        679.686279296875,
        947.399169921875
    ],
    "label": 1,
    "synthetic": true
}