{
    "timestamp": "synthetic_no_cheating_72",
    "timings": [
        68.57676696777344,
        9.46104621887207
    ],
    "label": 0,
    "synthetic": true
}