{
    "timestamp": "synthetic_cheating_13",
    "timings": [
        433.4102478027344,
        1912.404541015625
    ],
    "label": 1,
    "synthetic": true
}