{
    "timestamp": "synthetic_cheating_36",
    "timings": [
        2847.65234375,
        218.8265380859375
    ],
    "label": 1,
    "synthetic": true
}