{
    "timestamp": "synthetic_no_cheating_37",
    "timings": [
        84.95588684082031,
        24.083629608154297
    ],
    "label": 0,
    "synthetic": true
}