{
    "timestamp": "synthetic_cheating_1",
    "timings": [
        2993.404296875,
        2145.142578125
    ],
    "label": 1,
    "synthetic": true
}