{
    "timestamp": "synthetic_cheating_51",
    "timings": [
        862.9403076171875,
        1428.8857421875
    ],
    "label": 1,
    "synthetic": true
}