{
    "timestamp": "synthetic_no_cheating_34",
    "timings": [
        4.3384246826171875,
        25.994680404663086
    ],
    "label": 0,
    "synthetic": true
}