{
    "timestamp": "synthetic_cheating_70",
    "timings": [
        1004.837890625,
        644.0963134765625
    ],
    "label": 1,
    "synthetic": true
}