{
    "timestamp": "synthetic_no_cheating_27",
    "timings": [
        37.493621826171875,
        47.540435791015625
    ],
    "label": 0,
    "synthetic": true
}