{
    "timestamp": "synthetic_cheating_28",
    "timings": [
        460.3050537109375,
        904.2525634765625
    ],
    "label": 1,
    "synthetic": true
}