{
    "timestamp": "synthetic_no_cheating_83",
    "timings": [
        2.2958974838256836,
        21.812280654907227
    ],
    "label": 0,
    "synthetic": true
}