{
    "timestamp": "synthetic_no_cheating_69",
    "timings": [
        109.30157470703125,
        62.0709228515625
    ],
    "label": 0,
    "synthetic": true
}