{
    "timestamp": "synthetic_no_cheating_96",
    "timings": [
        56.31439971923828,
        0.31467533111572266
    ],
    "label": 0,
    "synthetic": true
}