{
    "timestamp": "synthetic_cheating_0",
    "timings": [
        441.73260498046875,
        300.2866516113281
    ],
    "label": 1,
    "synthetic": true
}