{
    "timestamp": "synthetic_cheating_67",
    "timings": [
        137.43423461914062,
        405.0014343261719
    ],
    "label": 1,
    "synthetic": true
}