{
    "timestamp": "synthetic_cheating_48",
    "timings": [
        613.636962890625,
        1480.5147705078125
    ],
    "label": 1,
    "synthetic": true
}