{
    "timestamp": "synthetic_cheating_66",
    "timings": [
        475.2256774902344,
        1428.1187744140625
    ],
    "label": 1,
    "synthetic": true
}