{
    "timestamp": "synthetic_no_cheating_39",
    "timings": [
        35.46099090576172,
        125.2271728515625
    ],
    "label": 0,
    "synthetic": true
}