{
    "timestamp": "synthetic_no_cheating_32",
    "timings": [
        65.3109130859375,
        53.99775695800781
    ],
    "label": 0,
    "synthetic": true
}