{
    "timestamp": "synthetic_no_cheating_14",
    "timings": [
        11.5810546875,
        10.358316421508789
    ],
    "label": 0,
    "synthetic": true
}