{
    "timestamp": "synthetic_cheating_19",
    "timings": [
        1824.203369140625,
        482.04217529296875
    ],
    "label": 1,
    "synthetic": true
}