{
    "timestamp": "synthetic_no_cheating_61",
    "timings": [
        42.525978088378906,
        104.40296936035156
    ],
    "label": 0,
    "synthetic": true
}