{
    "timestamp": "synthetic_cheating_11",
    "timings": [
        2468.75927734375,
        643.362060546875
    ],
    "label": 1,
    "synthetic": true
}