{
    "timestamp": "synthetic_cheating_29",
    "timings": [
        50.0426025390625,
        61.0370979309082
    ],
    "label": 1,
    "synthetic": true
}