{
    "timestamp": "synthetic_no_cheating_42",
    "timings": [
        41.73322296142578,
        10.553384780883789
    ],
    "label": 0,
    "synthetic": true
}