{
    "timestamp": "synthetic_cheating_64",
    "timings": [
        2209.04931640625,
        398.40582275390625
    ],
    "label": 1,
    "synthetic": true
}