{
    "timestamp": "synthetic_no_cheating_47",
    "timings": [
        14.357008934020996,
        11.950337409973145
    ],
    "label": 0,
    "synthetic": true
}