{
    "timestamp": "synthetic_no_cheating_45",
    "timings": [
        31.28734016418457,
        18.238296508789062
    ],
    "label": 0,
    "synthetic": true
}