{
    "timestamp": "synthetic_no_cheating_95",
    "timings": [
        40.80094909667969,
        16.77994728088379
    ],
    "label": 0,
    "synthetic": true
}