{
    "timestamp": "synthetic_no_cheating_55",
    "timings": [
        79.39053344726562,
        24.024072647094727
    ],
    "label": 0,
    "synthetic": true
}