{
    "timestamp": "synthetic_cheating_91",
    "timings": [
        1943.21533203125,
        567.9497680664062
    ],
    "label": 1,
    "synthetic": true
}