{
    "timestamp": "synthetic_cheating_45",
    "timings": [
        1799.58984375,
        727.7266235351562
    ],
    "label": 1,
    "synthetic": true
}