{
    "timestamp": "synthetic_cheating_41",
    "timings": [
        1394.82275390625,
        2769.6533203125
    ],
    "label": 1,
    "synthetic": true
}