{
    "timestamp": "synthetic_cheating_38",
    "timings": [
        109.24362182617188,
        150.8499298095703
    ],
    "label": 1,
    "synthetic": true
}