{
    "timestamp": "synthetic_cheating_18",
    "timings": [
        487.5207824707031,
        287.0798034667969
    ],
    "label": 1,
    "synthetic": true
}