{
    "timestamp": "synthetic_cheating_79",
    "timings": [
        842.3504638671875,
        1603.9638671875
    ],
    "label": 1,
    "synthetic": true
}