{
    "timestamp": "synthetic_cheating_49",
    "timings": [
        2702.45849609375,
        1257.9888916015625
    ],
    "label": 1,
    "synthetic": true
}