{
    "timestamp": "synthetic_cheating_39",
    "timings": [
        2426.907958984375,
        225.94102478027344
    ],
    "label": 1,
    "synthetic": true
}