{
    "timestamp": "synthetic_no_cheating_50",
    "timings": [
        39.50505828857422,
        2.9467639923095703
    ],
    "label": 0,
    "synthetic": true
}