{
    "timestamp": "synthetic_cheating_90",
    "timings": [
        584.9136962890625,
        879.279541015625
    ],
    "label": 1,
    "synthetic": true
}