{
    "timestamp": "synthetic_cheating_25",
    "timings": [
        893.42626953125,
        1438.7398681640625
    ],
    "label": 1,
    "synthetic": true
}