{
    "timestamp": "synthetic_cheating_10",
    "timings": [
        1820.6112060546875,
        1273.0811767578125
    ],
    "label": 1,
    "synthetic": true
}