{
    "timestamp": "synthetic_cheating_14",
    "timings": [
        775.5481567382812,
        183.26681518554688
    ],
    "label": 1,
    "synthetic": true
}