{
    "timestamp": "synthetic_cheating_76",
    "timings": [
        1873.084716796875,
        466.9554443359375
    ],
    "label": 1,
    "synthetic": true
}