{
    "timestamp": "synthetic_no_cheating_15",
    "timings": [
        20.475967407226562,
        35.97514343261719
    ],
    "label": 0,
    "synthetic": true
}