{
    "timestamp": "synthetic_cheating_17",
    "timings": [
        93.69073486328125,
        305.5482482910156
    ],
    "label": 1,
    "synthetic": true
}