{
    "timestamp": "synthetic_no_cheating_35",
    "timings": [
        21.381101608276367,
        38.01756286621094
    ],
    "label": 0,
    "synthetic": true
}