{
    "timestamp": "synthetic_no_cheating_75",
    "timings": [
        12.541956901550293,
        25.72933006286621
    ],
    "label": 0,
    "synthetic": true
}