{
    "timestamp": "synthetic_cheating_82",
    "timings": [
        1254.256103515625,
        222.04556274414062
    ],
    "label": 1,
    "synthetic": true
}