{
    "timestamp": "synthetic_cheating_58",
    "timings": [
        1270.9666748046875,
        799.2872314453125
    ],
    "label": 1,
    "synthetic": true
}