{
    "timestamp": "synthetic_no_cheating_77",
    "timings": [
        48.727760314941406,
        50.756752014160156
    ],
    "label": 0,
    "synthetic": true
}