{
    "timestamp": "synthetic_cheating_12",
    "timings": [
        797.8339233398438,
        1113.8428955078125
    ],
    "label": 1,
    "synthetic": true
}