{
    "timestamp": "synthetic_no_cheating_67",
    "timings": [
        11.05032730102539,
        34.279624938964844
    ],
    "label": 0,
    "synthetic": true
}