{
    "timestamp": "synthetic_cheating_4",
    "timings": [
        1281.1451416015625,
        383.5906066894531
    ],
    "label": 1,
    "synthetic": true
}