{
    "timestamp": "synthetic_cheating_97",
    "timings": [
        445.8353271484375,
        1218.60546875
    ],
    "label": 1,
    "synthetic": true
}