{
    "timestamp": "synthetic_cheating_78",
    "timings": [
        507.9026184082031,
        1387.0823974609375
    ],
    "label": 1,
    "synthetic": true
}