{
    "timestamp": "synthetic_no_cheating_33",
    "timings": [
        27.645341873168945,
        81.59056854248047
    ],
    "label": 0,
    "synthetic": true
}