{
    "timestamp": "synthetic_no_cheating_84",
    "timings": [
        38.43621826171875,
        42.890541076660156
    ],
    "label": 0,
    "synthetic": true
}