{
    "timestamp": "synthetic_cheating_52",
    "timings": [
        258.8392028808594,
        1072.154052734375
    ],
    "label": 1,
    "synthetic": true
}