{
    "timestamp": "synthetic_no_cheating_62",
    "timings": [
        14.945363998413086,
        32.404022216796875
    ],
    "label": 0,
    "synthetic": true
}