{
    "timestamp": "synthetic_cheating_15",
    "timings": [
        1499.3778076171875,
        1746.5157470703125
    ],
    "label": 1,
    "synthetic": true
}