{
    "timestamp": "synthetic_cheating_3",
    "timings": [
        2576.50732421875,
        2279.87158203125
    ],
    "label": 1,
    "synthetic": true
}