{
    "timestamp": "synthetic_cheating_42",
    "timings": [
        666.8677368164062,
        1144.8270263671875
    ],
    "label": 1,
    "synthetic": true
}