{
    "timestamp": "synthetic_cheating_80",
    "timings": [
        1772.3909912109375,
        818.6373901367188
    ],
    "label": 1,
    "synthetic": true
}