{
    "timestamp": "synthetic_no_cheating_60",
    "timings": [
        17.954147338867188,
        8.714475631713867
    ],
    "label": 0,
    "synthetic": true
}