{
    "timestamp": "synthetic_no_cheating_5",
    "timings": [
        35.78119659423828,
        13.99545669555664
    ],
    "label": 0,
    "synthetic": true
}