{
    "timestamp": "synthetic_no_cheating_31",
    "timings": [
        52.91985321044922,
        143.5522918701172
    ],
    "label": 0,
    "synthetic": true
}