{
    "timestamp": "synthetic_no_cheating_92",
    "timings": [
        22.765941619873047,
        1.7655420303344727
    ],
    "label": 0,
    "synthetic": true
}