{
    "timestamp": "synthetic_no_cheating_7",
    "timings": [
        76.2095718383789,
        16.35020637512207
    ],
    "label": 0,
    "synthetic": true
}