{
    "timestamp": "synthetic_no_cheating_56",
    "timings": [
        73.12520599365234,
        7.872000217437744
    ],
    "label": 0,
    "synthetic": true
}