{
    "timestamp": "synthetic_no_cheating_3",
    "timings": [
        34.90777587890625,
        14.394390106201172
    ],
    "label": 0,
    "synthetic": true
}