{
    "timestamp": "synthetic_cheating_21",
    "timings": [
        2341.132080078125,
        1234.5306396484375
    ],
    "label": 1,
    "synthetic": true
}