{
    "timestamp": "synthetic_cheating_7",
    "timings": [
        887.8543090820312,
        405.2031555175781
    ],
    "label": 1,
    "synthetic": true
}