{
    "timestamp": "synthetic_cheating_9",
    "timings": [
        1480.248291015625,
        89.09541320800781
    ],
    "label": 1,
    "synthetic": true
}