{
    "timestamp": "synthetic_no_cheating_8",
    "timings": [
        34.33351135253906,
        38.311500549316406
    ],
    "label": 0,
    "synthetic": true
}