{
    "timestamp": "synthetic_cheating_5",
    "timings": [
        50.25130081176758,
        10.48428726196289
    ],
    "label": 1,
    "synthetic": true
}