{
    "timestamp": "synthetic_cheating_6",
    "timings": [
        819.796630859375,
        1758.7545166015625
    ],
    "label": 1,
    "synthetic": true
}