{
    "timestamp": "synthetic_cheating_98",
    "timings": [
        710.7000122070312,
        874.2942504882812
    ],
    "label": 1,
    "synthetic": true
}