{
    "timestamp": "synthetic_cheating_16",
    "timings": [
        564.1486206054688,
        1228.285888671875
    ],
    "label": 1,
    "synthetic": true
}