{
    "timestamp": "synthetic_cheating_30",
    "timings": [
        153.49127197265625,
        376.73944091796875
    ],
    "label": 1,
    "synthetic": true
}