{
    "timestamp": "synthetic_cheating_81",
    "timings": [
        1184.219970703125,
        715.9595336914062
    ],
    "label": 1,
    "synthetic": true
}