{
    "timestamp": "synthetic_cheating_55",
    "timings": [
        1525.6297607421875,
        1757.2928466796875
    ],
    "label": 1,
    "synthetic": true
}