{
    "timestamp": "synthetic_no_cheating_78",
    "timings": [
        4.963626861572266,
        21.058286666870117
    ],
    "label": 0,
    "synthetic": true
}