{
    "timestamp": "synthetic_no_cheating_21",
    "timings": [
        20.83680534362793,
        62.291603088378906
    ],
    "label": 0,
    "synthetic": true
}