{
    "timestamp": "synthetic_no_cheating_36",
    "timings": [
        4.605195999145508,
        75.89165496826172
    ],
    "label": 0,
    "synthetic": true
}