{
    "timestamp": "synthetic_no_cheating_90",
    "timings": [
        0.5396308898925781,
        22.30942153930664
    ],
    "label": 0,
    "synthetic": true
}