{
    "timestamp": "synthetic_cheating_62",
    "timings": [
        14.811895370483398,
        835.3040161132812
    ],
    "label": 1,
    "synthetic": true
}