{
    "timestamp": "synthetic_no_cheating_70",
    "timings": [
        78.73776245117188,
        70.59491729736328
    ],
    "label": 0,
    "synthetic": true
}