{
    "timestamp": "synthetic_no_cheating_79",
    "timings": [
        17.81480598449707,
        7.117566108703613
    ],
    "label": 0,
    "synthetic": true
}