{
    "timestamp": "synthetic_no_cheating_97",
    "timings": [
        10.05691146850586,
        30.538053512573242
    ],
    "label": 0,
    "synthetic": true
}