{
    "timestamp": "synthetic_cheating_22",
    "timings": [
        3128.027099609375,
        2722.256591796875
    ],
    "label": 1,
    "synthetic": true
}