{
    "timestamp": "synthetic_cheating_95",
    "timings": [
        2215.824462890625,
        310.6426696777344
    ],
    "label": 1,
    "synthetic": true
}