{
    "timestamp": "synthetic_cheating_43",
    "timings": [
        1815.195556640625,
        2416.272216796875
    ],
    "label": 1,
    "synthetic": true
}