{
    "timestamp": "synthetic_cheating_40",
    "timings": [
        1606.9173583984375,
        555.963134765625
    ],
    "label": 1,
    "synthetic": true
}