{
    "timestamp": "synthetic_no_cheating_82",
    "timings": [
        6.155296325683594,
        8.528038024902344
    ],
    "label": 0,
    "synthetic": true
}