{
    "timestamp": "synthetic_no_cheating_94",
    "timings": [
        101.05348205566406,
        8.98725700378418
    ],
    "label": 0,
    "synthetic": true
}