{
    "timestamp": "synthetic_no_cheating_28",
    "timings": [
        91.03986358642578,
        215.4936981201172
    ],
    "label": 0,
    "synthetic": true
}