{
    "timestamp": "synthetic_cheating_24",
    "timings": [
        1783.327392578125,
        777.80615234375
    ],
    "label": 1,
    "synthetic": true
}