{
    "timestamp": "synthetic_no_cheating_1",
    "timings": [
        33.07732391357422,
        3.6887741088867188
    ],
    "label": 0,
    "synthetic": true
}