{
    "timestamp": "synthetic_cheating_56",
    "timings": [
        539.1703491210938,
        219.55010986328125
    ],
    "label": 1,
    "synthetic": true
}