{
    "timestamp": "synthetic_no_cheating_89",
    "timings": [
        32.51940155029297,
        14.285978317260742
    ],
    "label": 0,
    "synthetic": true
}