{
    "timestamp": "synthetic_cheating_84",
    "timings": [
        531.486572265625,
        241.6306915283203
    ],
    "label": 1,
    "synthetic": true
}