{
    "timestamp": "synthetic_cheating_59",
    "timings": [
        889.05224609375,
        397.0092468261719
    ],
    "label": 1,
    "synthetic": true
}