{
    "timestamp": "synthetic_no_cheating_99",
    "timings": [
        1.4489927291870117,
        30.47850227355957
    ],
    "label": 0,
    "synthetic": true
}