{
    "timestamp": "synthetic_cheating_35",
    "timings": [
        998.8125610351562,
        660.578369140625
    ],
    "label": 1,
    "synthetic": true
}