{
    "timestamp": "synthetic_cheating_74",
    "timings": [
        2450.405029296875,
        1029.1199951171875
    ],
    "label": 1,
    "synthetic": true
}