{
    "timestamp": "synthetic_cheating_63",
    "timings": [
        1372.3323974609375,
        2204.635009765625
    ],
    "label": 1,
    "synthetic": true
}