{
    "timestamp": "synthetic_cheating_73",
    "timings": [
        703.9187622070312,
        686.9310913085938
    ],
    "label": 1,
    "synthetic": true
}