{
    "timestamp": "synthetic_no_cheating_86",
    "timings": [
        10.382116317749023,
        13.575498580932617
    ],
    "label": 0,
    "synthetic": true
}