{
    "timestamp": "synthetic_no_cheating_9",
    "timings": [
        38.71526336669922,
        60.833709716796875
    ],
    "label": 0,
    "synthetic": true
}