{
    "timestamp": "synthetic_cheating_8",
    "timings": [
        618.6810913085938,
        68.754150390625
    ],
    "label": 1,
    "synthetic": true
}