{
    "timestamp": "synthetic_cheating_69",
    "timings": [
        1122.7431640625,
        964.3187255859375
    ],
    "label": 1,
    "synthetic": true
}