{
    "timestamp": "synthetic_cheating_71",
    "timings": [
        2757.791015625,
        2574.51171875
    ],
    "label": 1,
    "synthetic": true
}