{
    "timestamp": "synthetic_cheating_88",
    "timings": [
        603.4700317382812,
        911.2289428710938
    ],
    "label": 1,
    "synthetic": true
}