{
    "timestamp": "synthetic_no_cheating_68",
    "timings": [
        49.61177062988281,
        68.77972412109375
    ],
    "label": 0,
    "synthetic": true
}