{
    "timestamp": "synthetic_no_cheating_40",
    "timings": [
        20.50002670288086,
        54.57647705078125
    ],
    "label": 0,
    "synthetic": true
}