{
    "timestamp": "synthetic_no_cheating_6",
    "timings": [
        6.3765106201171875,
        34.88261413574219
    ],
    "label": 0,
    "synthetic": true
}