{
    "timestamp": "synthetic_cheating_72",
    "timings": [
        1218.119384765625,
        477.8277587890625
    ],
    "label": 1,
    "synthetic": true
}