{
    "timestamp": "synthetic_cheating_99",
    "timings": [
        1823.253662109375,
        2781.67822265625
    ],
    "label": 1,
    "synthetic": true
}