{
    "timestamp": "synthetic_no_cheating_17",
    "timings": [
        18.88492774963379,
        7.2547454833984375
    ],
    "label": 0,
    "synthetic": true
}