{
    "timestamp": "synthetic_no_cheating_91",
    "timings": [
        4.793954849243164,
        23.583154678344727
    ],
    "label": 0,
    "synthetic": true
}