{
    "timestamp": "synthetic_no_cheating_46",
    "timings": [
        13.580345153808594,
        4.893182754516602
    ],
    "label": 0,
    "synthetic": true
}