{
    "timestamp": "synthetic_no_cheating_25",
    "timings": [
        16.223182678222656,
        38.61958312988281
    ],
    "label": 0,
    "synthetic": true
}