{
    "timestamp": "synthetic_cheating_85",
    "timings": [
        938.1503295898438,
        2196.10595703125
    ],
    "label": 1,
    "synthetic": true
}