{
    "timestamp": "synthetic_cheating_34",
    "timings": [
        2343.47509765625,
        887.22998046875
    ],
    "label": 1,
    "synthetic": true
}