{
    "timestamp": "synthetic_cheating_27",
    "timings": [
        1415.2789306640625,
        1286.0537109375
    ],
    "label": 1,
    "synthetic": true
}