{
    "timestamp": "synthetic_no_cheating_10",
    "timings": [
        11.996267318725586,
        29.43263816833496
    ],
    "label": 0,
    "synthetic": true
}