{
    "timestamp": "synthetic_no_cheating_24",
    "timings": [
        10.578790664672852,
        5.511947154998779
    ],
    "label": 0,
    "synthetic": true
}