{
    "timestamp": "synthetic_no_cheating_20",
    "timings": [
        25.45281982421875,
        16.941673278808594
    ],
    "label": 0,
    "synthetic": true
}