{
    "timestamp": "synthetic_no_cheating_43",
    "timings": [
        49.60986328125,
        14.931137084960938
    ],
    "label": 0,
    "synthetic": true
}