{
    "timestamp": "synthetic_cheating_47",
    "timings": [
        1417.947998046875,
        1755.258056640625
    ],
    "label": 1,
    "synthetic": true
}