{
    "timestamp": "synthetic_no_cheating_64",
    "timings": [
        103.24254608154297,
        30.109437942504883
    ],
    "label": 0,
    "synthetic": true
}