{
    "timestamp": "synthetic_no_cheating_73",
    "timings": [
        82.59235382080078,
        99.20783233642578
    ],
    "label": 0,
    "synthetic": true
}