{
    "timestamp": "synthetic_no_cheating_30",
    "timings": [
        64.44512176513672,
        58.03334045410156
    ],
    "label": 0,
    "synthetic": true
}