{
    "timestamp": "synthetic_cheating_26",
    "timings": [
        3938.787109375,
        1632.3753662109375
    ],
    "label": 1,
    "synthetic": true
}