{
    "timestamp": "synthetic_cheating_93",
    "timings": [
        725.0264892578125,
        21.849193572998047
    ],
    "label": 1,
    "synthetic": true
}