{
    "timestamp": "synthetic_no_cheating_80",
    "timings": [
        26.76595115661621,
        14.275812149047852
    ],
    "label": 0,
    "synthetic": true
}