{
    "timestamp": "synthetic_no_cheating_52",
    "timings": [
        47.47088623046875,
        57.71415710449219
    ],
    "label": 0,
    "synthetic": true
}