{
    "timestamp": "synthetic_no_cheating_59",
    "timings": [
        37.06834411621094,
        27.274744033813477
    ],
    "label": 0,
    "synthetic": true
}