{
    "timestamp": "synthetic_cheating_94",
    "timings": [
        434.54522705078125,
        2176.03466796875
    ],
    "label": 1,
    "synthetic": true
}