{
    "timestamp": "synthetic_cheating_50",
    "timings": [
        517.9840087890625,
        440.66448974609375
    ],
    "label": 1,
    "synthetic": true
}