{
    "timestamp": "synthetic_no_cheating_18",
    "timings": [
        20.146366119384766,
        32.650909423828125
    ],
    "label": 0,
    "synthetic": true
}