{
    "timestamp": "synthetic_no_cheating_57",
    "timings": [
        26.177568435668945,
        41.03148651123047
    ],
    "label": 0,
    "synthetic": true
}